aspect,pos,neg,neu
操作のしやすさ,"- 操作はシンプルで、主に移動だけに集中できる。
- 攻撃は自動で行われるため、プレイヤーはほぼ移動のみで楽しめる。
- 簡単な操作で初心者でもすぐに慣れることができる。
- プレイ中に複雑なタイミングやスキルが必要ないのでリラックスして遊べる。
- ゲームの進行中に武器やキャラクターの成長を感じやすく楽しさが増す。
- 移動とアイテム選択の簡単な操作でゲームにすぐ入り込める。
- スマホやタブレットでも遊べるため、気軽に始められるカジュアルなゲーム。
- プレイ時間も短く、ちょっとした合間に楽しむのに最適。
- ゲーム性がわかりやすく、複雑さがないため、誰でも楽しみやすい。
- 容易な操作ながら中毒性があり、ついつい続けたくなる魅力がある。","- 操作が簡単なのにクリアできないのが不思議だ。
- ゲーム性が薄いと感じる一方で、ついついプレイしてしまう。
- 昔のアーケードゲームのような懐かしさがある音楽やグラフィックが魅力的。
- 攻撃は自動で行われ、基本的にWASDキーで移動するのが主な操作。
- ステージクリアを目指すと似たような戦略になりがち。
- 選択肢のUIが分かりづらく、誤操作が多くなることがある。
- シンプルな操作性があり、慣れると他のゲームが不便に感じることがある。
- 最初の操作方法に苦戦し、戸惑うことが多かった。
- 敵に囲まれた時は弾の飛ぶ方向を意識することが重要。
- 全般的に操作性が単純ではあるが、特定の部分で難しさを感じる。","- ゲームの基本は敵を避け、アイテムを拾い、パワーアップを選ぶというシンプルなルール。
- プレイ中に悩む場面があるが、操作は直感的で簡単である。
- コントローラーを使うと操作がやりやすい印象を受ける。
- 操作は主に移動に集中し、攻撃はオートで行われる。
- シンプルな操作体系は、主にWASDキーまたはコントローラーで行う。
- マウスでの操作は細かい動きが難しいため、コントローラー推奨。
- ゲーム内では4方向に移動し、武器選択によって攻略が変わる。
- 2Dマップでの動きは非常にシンプルで、基本的には移動のみである。
- ゲーム自体はわかりやすいローグライトである。
- 画面と操作がシンプルで、片手間でも楽しめる。"
難易度の適切さ,"- 立ち回りだけではどうしようもなく、リアルラックに頼ることもあるが中毒性があり、爽快感も楽しめるゲーム。
- やり込み要素があり、難易度は適度で初心者でも楽しみやすい。
- 初心者向けだが、強化システムがあり、やればやるほど強くなるので楽しめる。
- スキルを上げていくことで、特に序盤の苦労を乗り越えた後の爽快感が得られる。
- 武器やアイテムが増えることで戦術が多様化し、プレイする楽しさが増す。
- 難易度調整が絶妙で、挑戦しがいがあり、思考と運が絡むゲームプレイ。
- 各プレイでのランダム要素が毎回新しい体験をもたらし、飽きが来ない。
- 繰り返しプレイすることで、スキル向上と共にクリアが可能になる感覚が楽しい。
- アップグレードやキャラ強化が解放されることで、徐々に敵を倒せるようになり達成感が得られる。
- ゲーム初心者でも楽しめるようなバランスが取られており、コレクションやビルドの奥深さも魅力的。","- 敵が時間経過で強くなるため、石を効率的に拾い続けないとレベルが追いつかず難易度が上がる。
- 初期状態では一プレイが30分と長く、気軽に遊びにくい。
- 3つ目のマップでレベル60に到達できず、金稼ぎを強いられる。
- 初見プレイヤーにはクリアが難しいと考えられる。
- 序盤から中盤のアイテム選択に失敗するとゲームオーバーになりやすい。
- 森のステージは特にレベルが上がりづらく、後半の難易度が高い。
- 死神との戦闘が厳しく、複数体出現すると詰む状況になることもある。
- 一応のゲーム進行は可能だが、全体的に難しい印象を持たれる。
- ゲーム開始直後は運に左右される部分も多く、死亡を繰り返す。
- 隠し要素が多く、自力で解決するにはかなりの困難が伴う。","- 攻撃やスキルはオートで行われ、自動的に敵を倒す。
- 30分のプレイ後に目標となる死神を倒すためのビルドが決まる。
- ゲームに慣れると30分がやや長く感じる。
- プレイヤースキルはほとんど不要で、カジュアルな難易度。
- 初めは生き残るのが難しいと感じることもあるが、システムを理解すれば安心。
- 慣れるとクリアが容易になるが、必ず30分かかってしまう。
- 難易度は低めで、アクションやシューティングが苦手な人でも楽しめる。
- アクション系のローグライクとしては簡単な部類に入る。
- 難しくはないが、一部のルールは完全には理解できないこともある。
- プレイ中に集めたコインでパッシブアイテムを購入可能。"
進捗の明確さ,"- ゲームの進行はポーズやレベルアップで一時停止することがある。
- 実績を解除すると気分が良くなり、ボーナスとしてコインがもらえる。
- プレイヤーはプレイごとに成長を感じることができる。
- アチーブメントを達成することでキャラクターや武器、マップが開放される。
- 生存時間が延びると嬉しさを感じ、強くなる実感が得られる。
- いろいろなものがアンロックされる仕組みがプレイヤーを引きつける。
- 実績がサクサク解除され、やりがいを感じやすい。
- アイテムや武器のレベル最大時の達成感が格別で忘れられない。
- 次の目標提示があって、プレイヤーはやる気を持続しやすい。
- 強化されていくことで爽快感と達成感が増し、進展を感じやすくなっている。",,
目的の明確さ,"- ゲームは基本的な要素が揃っており、シンプルなルールで楽しめる。
- 目的は最大30分生き残ることで、達成感がある。
- ゲーム内容や全体目標が明確で、誰でもプレイしやすい。
- 操作はシンプルで、オート攻撃キャラクターを動かすだけ。
- 実績取得のバランスが良く、プレイが面白い。
- ゲームは規定時間内に敵から生き残ることが求められる。
- 30分生き延びることでクリアとなる。
- プレイごとのドラマ性があり、繰り返し楽しめる。
- 無駄なシナリオがなく、すぐにゲームを始められるのが魅力。
- 目標設定がしやすく、誰もが理解しやすいゲーム設計である。",- ストーリーが不明瞭で目的が感じられない。,"- モンスターの猛攻に30分耐えるゲームである。  
- 基本的な目的は生存であり、プレイヤーはその時間を生き延びることが求められる。  
- そのため、サバイバル要素が強い内容になっている。  "
視聴覚の魅力,"- ゲームのグラフィックはシンプルながら中毒性があり、楽しさを感じる。
- 宝箱の演出が派手で爽快感を与え、プレイヤーを惹きつける。
- 音楽や効果音も非常に良く、プレイ時の体験を豊かにしている。
- レトロな雰囲気を持ちながらも、しっかりしたゲーム内容が評価されている。
- シンプルなシステムで手軽に楽しめ、何度もリプレイしたくなる魅力がある。
- ストレスなく快適に遊べるパフォーマンスがあり、のめり込む要素が多い。
- グラフィックが安っぽいと思われがちだが、実際は非常に面白いと感じられる。
- 武器やアイテムの演出が遊び心満載で、プレイヤーの意欲を高める。
- ゲームの本質的な楽しさを再認識させてくれる作品で、評価が高い。
- 丁寧に作られた演出やデザインに感心し、他のゲームとは一線を画す楽しさがある。","- 美麗なグラフィックや豪華声優陣は不要と感じた。
- 確定演出に強い印象を受けたが、脳に与える影響が気になる。
- 音が優しすぎて、悪魔城作品に期待する残虐性が不足している。
- 脳汁が出るほどの爽快感はあるが、目に残るツブツブが不快。
- 一部の演出が怖いと感じるので、注意が必要。
- 背景がMSXレベルのクオリティで、視認性が良くない。
- 目が疲れることが多く、画面を見すぎると痛くなる。
- 終盤の敵の数が多く、処理落ちする可能性がある。
- 画面のエフェクトで目がチカチカするので、連戦時は休憩が必要。
- 古臭さが目立ち、楽しさやクオリティが低く感じられる。","- グラフィックは懐かしいファミコンスタイルであり、昔のゲームを思い出させる。
- 武器やキャラクター、ステージのデザインが悪魔城ドラキュラX 月下の夜想曲に似ている。
- 目がチカチカするが、BGMはかっこよく、プレイヤーを煽るような仕掛けがある。
- 日本語訳はやや不満だが、許容範囲内と感じる。
- ドット絵の良さがグラフィックに表れている。
- 実際にプレイしないと面白さが分からないゲームで、動画だけでは物足りない。
- ファミコンでも通用するチープなグラフィックスとシンプルなシステムを持つ。
- Vampire Survivorsとの違いは、華やかさと派手さにある。"
遊ぶ意義,"- 中毒性があり、何度もプレイしたくなる感覚がある。
- 意義のあるゲーム体験を提供しており、価値を感じる。
- 達成感と満足感を得られる。
- コストパフォーマンスが高く、遊び尽くせる。
- ゲームの本質を再認識させてくれる。
- 300円で充実した体験を約束する。
- 悪魔城ドラキュラシリーズへのオマージュが感じられる。
- 成長・育成要素がしっかりしていて面白さを教えてくれる。
- 低価格でも謎の満足感が得られ、「こういうのでいいんだよ」という感覚。
- 今後のアップデートやDLCも期待でき、応援したいと思わせる作品。",,
没入感,"- ゲームに夢中になると周囲が気にならなくなる。
- プレイ中は時間が経つのを忘れてしまうことが多い。
- 中毒性が高く、何時間でも遊んでしまう。
- ゲームの面白さに引き込まれ、気がつくと長時間プレイしている。
- 30分のプレイがあっという間に感じることもある。
- ゲームの爽快感でストレス発散ができる。
- 新しい要素が次々にアンロックされ、止め時を失う。
- 脳が満ち足りるほど没頭できる。
- プレイするたびに熱中し、時間が溶けていく。
- ゲームを始めると、すぐに夢中になってしまう。","- ゲームに没頭しすぎて時間を忘れることが多い。
- 気づいたら何時間も経っていることがある。
- 周囲の状況に気付かなくなり、深夜までプレイしてしまう。
- 中毒性があり、ほぼ無限に遊んでしまう。
- 難易度は高めで、最初は無理だと感じる人もいる。
- 時間があっという間に過ぎてしまう。
- 1秒が長く感じることがあり、集中が求められる。
- やるべきことが多く、楽しむためには攻略サイトを見ない方が良い。
- プレイ中は常に脳が疲れている感覚になる。
- 時間泥棒のゲームで、手放し難い魅力がある。","- プレイ中は周囲の状況を忘れるほど没入感がある。
- 30分ほどプレイさせられる感じがある。
- 射幸心を刺激する演出があり、ソシャゲならお金が危なかったかもしれない。
- 敵との戦闘に夢中になり、時間の感覚がなくなる。
- 何時間も経過していることに気づかないゲーム体験がある。
- プレイしている最中に現実を忘れがちになる。
- ゲームの没入度が非常に高い。"
成長感の得やすさ,"- レベルアップイベントにより新たな攻撃手段を得たり武器を強化できる。
- 操作が簡単で、ゲーム初心者でも遊びやすい設計になっている。
- 敵を倒して経験値を集める爽快感があり、成長を実感できる。
- アチーブメントが豊富で、コレクターの楽しみもある。
- スキルや武器が進化し、無双状態になる爽快感が味わえる。
- プレイヤースキルが不要で、誰でも楽しめる内容。
- 生存時間の延びやすさ、新要素の解放がゲームを楽しくさせる。
- プレイを重ねるごとに強化される感覚がクセになる。
- 遊ぶごとに達成感を感じ、さらにやりこみたくなる要素が多い。
- 自己成長を実感しやすく、長く遊び続けられるゲームだ。","- プレイヤースキルはあまり必要ないゲームだと感じた。  
- ゲーム内での成長が遅く感じる。  
- 悔しさから何度も再挑戦したことがあった。  
- 全体的に簡単だと感じた。  ","- 武器やサポートアイテムのレベルアップが可能で、自分に合った戦い方を模索できる。
- メンタルをやられず、じわじわと成長する感覚が心地よい。
- 武器の特性を理解して取捨選択できるようになるのに時間がかかるが、その後は安定する。
- 30分のプレイ時間が安定してクリアできるようになると長く感じるようになる。
- 攻撃がオートで成長し、敵からの経験値でレベルアップが可能。
- レベルアップ後には武器やステータスのアップグレードを行う。
- 力が重要で、最初は図書館で練習していた。
- 繰り返しプレイすることで慣れが生まれる。"
好奇心への刺激,"- アップデートによる進化が期待できる神ゲー。
- 自分で試行錯誤する楽しさがあり、探索要素も豊富。
- 武器やアルカナの組み合わせがゲーム体験を大きく変える。
- やりこみ要素が多く、時間を忘れてプレイできる。
- DLCや新キャラの追加があって、長く楽しめる。
- 隠し要素や謎解き要素もあり、探求心をくすぐる。
- wikiを参考にしながらの攻略も楽しい。
- 個々のプレイスタイルに応じた楽しみ方ができる。
- 新発見が多く、リプレイ性が高いことが魅力。
- ゲーム全体の進化に対する期待が盛り上がる。","- ゲームの刺激を求め続けているが、作業感が強まっている。
- 試行錯誤に多くの時間を費やした。
- 著作権に関する不安がある。
- やることが多すぎて作業が進まない。
- タイトル画面の赤い目のキャラクターに疑問を感じている。
- ヴァンパイアの存在が不明で困惑している。","- 悪魔城ドラキュラシリーズの進化を興味深く調べたくなった。
- ゲームの進行や続きについて知りたくてたまらなかった。
- ニンニクや武器の進化についても気になった。
- プレイ方法を調べることはもったいないかもしれないと思った。
- 組み合わせによって生き残れるかどうかが重要だ。
- 実績コンプには時間がかかるのでWikiの参照を推奨する。
- アイテムの効果が不思議で面白いと感じた。
- 次のアップデートを待つことで虚無感が解消される可能性がある。
- キャラや武器の構築法によって生存率が変わると思われる。
- 隠し要素が多く、自力での解決が難しいと感じた。"
自由度,"- 自由なプレイスタイルを満喫できて、選択肢が豊富。
- リプレイ性が高く、じっくり楽しめるゲームで手探りプレイを推奨。
- プレイ時間が30分ほどで、短時間でも長時間でも楽しめる。
- キャラクターや武器が多彩で、戦略的なビルド構築が楽しい。
- アップグレードがリセット可能で、多様なプレイスタイルに対応。
- シンプルな操作性で、誰でも楽しめるゲームである。
- 自分なりのルールを設けて、深い戦略を求めることができる。
- プレイごとにドラマティックな展開が生まれる多様性を実感。
- 縛りプレイや他の作業をしながらのプレイが可能で、気軽に楽しめる。
- 内容とやりこみ要素が充実しており、高コスパなゲーム体験が得られる。","- プレイヤーは基本的に移動をするのみで、攻撃は自動で行われる。  
- 敵を避けるための操作はWASDキーを使う程度で、特別なスキルは必要ない。  
- 武器や装備はレベルアップ毎に選べるが、その選択肢はランダムであるため、狙ったアイテムが出ないことがある。  
- アイテムを適当に選ぶと最大強化ができず、終盤でつまってしまう可能性がある。  
- 移動とアップグレードの選択を楽しむ、いわばお散歩ゲームのような体験である。  ","- 持っているアイテムをリセットして縛りプレイが楽しめる。
- アイテムがかぶらないため、選択肢を相談することが可能。
- 手探りの進行が楽しいと感じている。
- パワーアップには振り直しが必要で、上げるほどコストが増える。
- 終盤は強敵が登場し、ダレる前にすっきりと終わることができる。
- プレイヤーの技術が介入しない部分が評価されつつも、欠点とも感じられている。
- 初心者向けにお気に入りキャラで始められる機能が欲しいと感じている。"
