aspect,review
操作のしやすさ,説明が分かりやすく、シンプルな操作（移動、ジャンプ、掴み、ダイブ）で初心者でも楽しめるゲームである。特にコントローラーでの操作が推奨され、軽快に遊べる点が評価されている。ルールも簡単で老若男女に適しており、誰でも気軽にプレイできる楽しさがある。
難易度の適切さ,ゲームは運と実力のバランスがあり、初心者でも楽しめるが、1位を取るのは難しい。運要素が強いが、プレイヤースキルも求められる。特に決勝では技術が必要で、初心者は苦戦する。難易度はちょうどよく、楽しみながらプレイできるが、一部のステージは理不尽と感じることもある。
進捗の明確さ,ゴール達成時に感動を覚え、ROUND CLEAR!の表示に喜びを感じる。達成感を求めて何度も挑戦してしまう。
目的の明確さ,ゲームの目的は他者を出し抜いて1位になることだが、最終的にはクラウン集めがメインとなるため、目的を見失うこともある。レース、チーム戦、サバイバルなどのシンプルなルールがあり、数回プレイすれば理解できるが、目標や楽しみを見つけるのが難しい。
視聴覚の魅力,ポップなキャラクターとクセになる音楽が魅力のゲームで、カジュアルに友達や一人でも楽しめる。見た目が可愛く笑いが絶えない中、ギャップに驚くことも。全体的に明るく楽しい雰囲気で、負けても笑える要素が満載。ゲームの美学が評価され、親タイプでも安心して遊べる内容。また、デザインやBGMも好評で、どんな年代のプレイヤーでも楽しめる。
遊ぶ意義,このゲームはカジュアルに楽しめ、友達と盛り上がることができる。独特の魅力があり、頭空っぽで童心に返れる楽しさがある。お金の無駄ではなく、遊ぶ価値と意義を感じ、将来性にも期待できる。勝ち負け以上に楽しめ、癒される体験ができる。
没入感,ゲームに夢中になり、プレイ中は周囲を気にせず完全に集中できる。面白さに声が出るほどで、勝っても負けても楽しめる。数時間プレイしても飽きず、友達と遊ぶことでさらに楽しさが増す。ストレス解消にもなり、熱中して何時間でも遊んでしまう。
成長感の得やすさ,初心者でも楽しめるゲームで、チーム戦では貢献できる可能性がある。練習で上達しやすく、達成感を感じながらプレイできる。ただし、技量が求められる場面も多く、努力が必要。運要素も絡むため、根気強く挑戦することが重要。勝ち進むことで上達を実感できるが、高ランクでは苦戦することも。
好奇心への刺激,プレイヤーの戦法や攻略法を考えるのが楽しく、新ステージや新シーズンを楽しみにしている。アップデートでの変化や収集要素に期待が高いが、チーターの問題が気になる点でもある。今後の改善に期待しつつ、シーズン2の情報にも関心がある。
自由度,自由な遊び方ができるシンプルで楽しいパーティーゲームで、フレンドとワイワイ楽しむのに最適。操作も簡単で、アクションが苦手な人でも楽しめる。カスタムマッチやオンライン対戦も可能で、気軽に遊べるのが魅力。大人数でのプレイも盛り上がり、色々なミニゲームが楽しめる。
